,iso_two,BLcode,year,sex,agefrom,ageto,lu,yr_sch,WBcode,pop,geo_country,Unnamed: 0,country,iso_map,2022_pop,2020_pop,2015_pop,2010_pop,2000_pop,1990_pop,1980_pop,1970_pop,area (km),density,iso_three,Capital,Continent,growth_rate_10_22,growth_rate_70_22,growth_rate_00_15,growth_rate_70_15,70-15
25,af,79,2015,MF,15,64,45.44,4.826,AFG,18117.0,Afghanistan,0,Afghanistan,AFG,41128771,38972230,33753499,28189672,19542982,10694796,12486631,10752971,652230,63.0587,afg,Kabul,Asia,3.1980067670738244,2.613423683915972,3.710293788817687,2.574588885304152,4.1
31,al,156,2015,MF,15,64,2.46,10.972,ALB,1988.0,Albania,1,Albania,ALB,2842321,2866849,2882481,2913399,3182021,3295066,2941651,2324731,28748,98.8702,alb,Tirana,Europe,-0.2056172247863696,0.38731860598626433,-0.656933679497429,0.4790260080639541,6.34
478,dz,1,2015,MF,15,64,13.78,7.71,DZA,25994.0,Algeria,2,Algeria,DZA,44903225,43451666,39543154,35856344,30774621,25518074,18739378,13795915,2381741,18.8531,dza,Algiers,Africa,1.8925960164498437,2.295443349016635,1.6853933294410872,2.36763840951959,6.02
59,ar,67,2015,MF,15,64,0.62,10.206,ARG,27593.0,Argentina,7,Argentina,ARG,45510318,45036032,43257065,41100123,37070774,32637657,28024803,23842803,2780400,16.3683,arg,Buenos Aires,South America,0.8530172614454212,1.2509455601843689,1.0341889893553669,1.3325293310558095,3.72
46,am,308,2015,MF,15,64,0.55,11.766,ARM,2020.0,Armenia,8,Armenia,ARM,2780469,2805608,2878595,2946293,3168523,3556539,3135123,2534377,29743,93.4831,arm,Yerevan,Asia,-0.4815713048078041,0.17837384151626612,-0.6377127314936337,0.2834108077243158,3.15
86,au,131,2015,MF,15,64,0.54,12.449,AUS,15856.0,Australia,10,Australia,AUS,26177413,25670051,23820236,22019168,19017963,17048003,14706322,12595034,7692024,3.4032,aus,Canberra,Oceania,1.4519700898378396,1.4168557610062305,1.5123318522766604,1.4261468359417329,2.34
81,at,107,2015,MF,15,64,1.45,10.773,AUT,5818.0,Austria,11,Austria,AUT,8939617,8907777,8642421,8362829,8010428,7678729,7547561,7465301,83871,106.5877,aut,Vienna,Europe,0.5573472671773549,0.3471916947657361,0.5075407065712634,0.32590101796547977,3.52
164,bh,80,2015,MF,15,64,4.69,9.453,BHR,1052.0,Bahrain,14,Bahrain,BHR,1472233,1477469,1362142,1213645,711442,517418,362595,222555,765,1924.4876,bhr,Manama,Asia,1.6226244175277404,3.7002014012919915,4.425250463690156,4.108001998381372,6.34
112,bd,81,2015,MF,15,64,22.61,6.858,BGD,102534.0,Bangladesh,15,Bangladesh,BGD,171186372,167420951,157830000,148391139,129193327,107147651,83929765,67541860,147570,1160.035,bgd,Dhaka,Asia,1.1979624314118142,1.8045606662919544,1.3436709533278135,1.9040579873673247,5.44
98,bb,49,2015,MF,15,64,0.58,9.904,BRB,191.0,Barbados,16,Barbados,BRB,281635,280693,278083,274711,264657,258868,253575,241397,430,654.9651,brb,Bridgetown,North America,0.2076508827016265,0.2969188280553148,0.3304446505506764,0.31488750842250113,1.32
138,be,108,2015,MF,15,64,3.0,11.623,BEL,7322.0,Belgium,18,Belgium,BEL,11655930,11561717,11248303,10877947,10264343,9959560,9828986,9629376,30528,381.8111,bel,Brussels,Europe,0.5773061478375308,0.3679766029363263,0.612140826261176,0.34592772393942095,3.64
262,bz,143,2015,MF,15,64,0.09,11.286,BLZ,229.0,Belize,19,Belize,BLZ,405272,394921,359871,322106,240406,182589,145133,120905,22966,17.6466,blz,Belmopan,North America,1.9324153992159587,2.3533279548309194,2.7259350854625275,2.453482287518627,3.42
193,bj,3,2015,MF,15,64,44.56,5.515,BEN,5684.0,Benin,20,Benin,BEN,13352864,12643123,10932783,9445710,6998023,5133419,3833939,3023443,112622,118.5635,ben,Porto-Novo,Africa,2.9267638363900783,2.8975994682483908,3.0189274798545718,2.8975626331902538,4.65
211,bo,68,2015,MF,15,64,4.47,9.791,BOL,6613.0,Bolivia,23,Bolivia,BOL,12224110,11936162,11090085,10223270,8592656,7096194,5736088,4585693,1098581,11.1272,bol,Sucre,South America,1.5006799396945825,1.9034054201566564,1.715505855131516,1.9818501443309433,5.65
243,bw,4,2015,MF,15,64,5.31,10.318,BWA,1299.0,Botswana,25,Botswana,BWA,2630296,2546402,2305171,2091664,1726985,1341474,938578,592244,582000,4.5194,bwa,Gaborone,Africa,1.9278175290383004,2.9086779979776933,1.9438361616796573,3.0660449120762046,7.99
224,br,69,2015,MF,15,64,6.47,8.626,BRA,142243.0,Brazil,26,Brazil,BRA,215313498,213196304,205188205,196353492,175873720,150706446,122288383,96369875,8515767,25.2841,bra,Brasilia,South America,0.7711122989806807,1.557976162614061,1.0330420378988459,1.6935901874403747,5.35
198,bn,144,2015,MF,15,64,20.3,9.076,BRN,298.0,Brunei,28,Brunei,BRN,449002,441725,421437,396053,333926,261928,187921,133343,5765,77.8841,brn,Bandar Seri Begawan,Asia,1.0511469834108,2.362282792194925,1.5637735373843498,2.5901894935891123,4.22
153,bg,150,2015,MF,15,64,1.88,11.199,BGR,4731.0,Bulgaria,29,Bulgaria,BGR,6781953,6979175,7309253,7592273,8097691,8767778,8980606,8582950,110879,61.1654,bgr,Sofia,Europe,-0.936139887278964,-0.4518846911496399,-0.6805926031471898,-0.3563338354280132,4.66
168,bi,6,2015,MF,15,64,47.62,3.435,BDI,5321.0,Burundi,31,Burundi,BDI,12889576,12220227,10727148,9126605,6307659,5483793,4312834,3497834,27834,463.0874,bdi,Bujumbura,Africa,2.918658027801824,2.539941678034263,3.603494539569696,2.521564254916342,2.3
937,kh,310,2015,MF,15,64,18.66,4.873,KHM,9977.0,Cambodia,32,Cambodia,KHM,16767842,16396860,15417523,14363532,12118841,8910808,6198959,6708525,181035,92.6221,khm,Phnom Penh,Asia,1.2981064489297145,1.7773090325659213,1.61790440059022,1.866371017000068,2.97
362,cm,7,2015,MF,15,64,12.97,7.124,CMR,12595.0,Cameroon,33,Cameroon,CMR,27914536,26491087,23012646,19878036,15091594,11430520,8519891,6452787,475442,58.7128,cmr,Yaounde,Africa,2.8698433229934706,2.8566480046326337,2.8526366907988043,2.8659256250306075,5.2
273,ca,50,2015,MF,15,64,0.39,12.876,CAN,24483.0,Canada,34,Canada,CAN,38454327,37888705,35732126,33963412,30683313,27657204,24511510,21434577,9984670,3.8513,can,Ottawa,North America,1.0402685410351389,1.1303131134611233,1.020715560730867,1.1421281685561224,3.4
295,cf,9,2015,MF,15,64,48.63,4.112,CAF,2335.0,Central African Republic,37,Central African Republic,CAF,5579144,5343020,4819333,4660067,3759170,2809221,2415276,2067356,622984,8.9555,caf,Bangui,Africa,1.511353274290994,1.9275042538371645,1.670040830044428,1.898609866500145,3.25
336,cl,70,2015,MF,15,64,5.88,10.639,CHL,12370.0,Chile,39,Chile,CHL,19603733,19300315,17870124,17004162,15351799,13342868,11469828,9820481,756102,25.9274,chl,Santiago,South America,1.1925706686485738,1.338201568781372,1.0177953400797302,1.3392445302965683,4.46
364,cn,83,2015,MF,15,64,2.06,8.71,CHN,1021572.0,China,40,China,CHN,1425887337,1424929781,1393715448,1348191368,1264099069,1153704252,982372466,822534450,9706961,146.8933,chn,Beijing,Asia,0.4680113158338272,1.0636151047457743,0.65287865635415,1.1787556028394874,4.55
390,co,71,2015,MF,15,64,4.2,9.519,COL,32208.0,Colombia,41,Colombia,COL,51874024,50930662,47119728,44816108,39215135,32601393,26176195,20905254,1141748,45.4339,col,Bogota,South America,1.2262115387893455,1.7630883485491688,1.2317172348897953,1.822387005594428,5.54
320,cg,12,2015,MF,15,64,24.31,6.328,COG,2685.0,Congo-Brazzaville,158,Congo-Brazzaville,COG,5970424,5702174,5064386,4437884,3134030,2385435,1829256,1396989,342000,17.4574,cog,Brazzaville,Africa,2.50280947214776,2.832644290192232,3.2511529795725913,2.9033800728705206,4.12
402,cr,51,2015,MF,15,64,9.93,8.574,CRI,3355.0,Costa Rica,44,Costa Rica,CRI,5180829,5123105,4895242,4622252,3979193,3158253,2414303,1855697,51100,101.3861,cri,San José,North America,0.955225514268898,1.9940529769671533,1.3908142555368874,2.178963082805785,4.54
707,hr,322,2015,MF,15,64,0.52,11.984,HRV,2803.0,Croatia,45,Croatia,HRV,4030358,4096868,4254815,4368682,4548434,4873707,4680144,4492638,56594,71.2153,hrv,Zagreb,Europe,-0.669466984650946,-0.20859915067817925,-0.4438899837420629,-0.12079093172685518,4.54
419,cu,155,2015,MF,15,64,0.77,11.096,CUB,7846.0,Cuba,46,Cuba,CUB,11212191,11300698,11339894,11290417,11105791,10626680,9809107,8869636,109884,102.0366,cub,Havana,North America,-0.0579219216391813,0.45172473360501897,0.13916519052126208,0.5474780860470929,5.68
421,cy,109,2015,MF,15,64,0.68,11.948,CYP,817.0,Cyprus,48,Cyprus,CYP,1251488,1237537,1187280,1129686,948237,788500,679327,640804,9251,135.2814,cyp,Nicosia,Europe,0.856930182839255,1.2955607621893073,1.5100598060119985,1.3798704592658861,5.59
434,cz,151,2015,MF,15,64,0.2,12.924,CZE,7092.0,Czechia,49,Czechia,CZE,10493986,10530953,10523798,10464749,10234710,10301192,10270060,9795744,78865,133.0627,cze,Prague,Europe,0.023252371849769,0.1324998681028644,0.1858677484047888,0.15944066754995934,3.05
292,cd,45,2015,MF,15,64,18.3,6.734,COD,38610.0,Democratic Republic of the Congo,54,Democratic Republic of the Congo,COD,99010212,92853164,78656904,66391257,48616317,35987541,26708686,20151733,2344858,42.2244,cod,Kinshasa,Africa,3.386561520120801,3.10875206424992,3.2595717452605033,3.0724894673518355,5.44
475,dk,110,2015,MF,15,64,1.45,12.858,DNK,3647.0,Denmark,50,Denmark,DNK,5882261,5825641,5677796,5550849,5340655,5144623,5125392,4922963,43094,136.4984,dnk,Copenhagen,Europe,0.4844222388243224,0.34295333383196347,0.4089326881170585,0.3175086481921552,5.67
492,ec,72,2015,MF,15,64,1.91,9.252,ECU,10430.0,Ecuador,55,Ecuador,ECU,18001000,17588595,16195902,14989585,12626507,10449837,8135845,6172215,276841,65.0229,ecu,Quito,South America,1.537294019822899,2.079734191172955,1.673582835409504,2.166922869748067,4.7
524,eg,13,2015,MF,15,64,31.29,7.824,EGY,56929.0,Egypt,56,Egypt,EGY,110990103,107465134,97723799,87252413,71371371,57214630,43748556,34781986,1002450,110.7188,egy,Cairo,Africa,2.0255396683534155,2.2565083438912614,2.117087604231882,2.32220969298369,6.41
1668,sv,54,2015,MF,15,64,12.8,7.747,SLV,4041.0,El Salvador,57,El Salvador,SLV,6336392,6292731,6231066,6114034,5958482,5367179,4508992,3619090,21041,301.145,slv,San Salvador,North America,0.2981330086607059,1.082911706941414,0.29865625887286473,1.2147068312679643,4.84
513,ee,323,2015,MF,15,64,0.54,12.411,EST,855.0,Estonia,60,Estonia,EST,1326062,1329444,1314657,1331535,1396877,1570674,1476983,1361999,45227,29.3201,est,Tallinn,Europe,-0.0343171456103519,-0.05140952246199815,-0.40360488716729703,-0.0785861680139388,4.57
1705,sz,40,2015,MF,15,64,27.71,5.667,SWZ,629.0,Eswatini,61,Eswatini,SWZ,1201670,1180655,1133936,1099920,1030496,854011,598564,442865,17364,69.2047,swz,Mbabane,Africa,0.7400147260925083,1.9381634649906276,0.639734459245167,2.1112788133126337,2.66
560,fj,132,2015,MF,15,64,7.45,10.178,FJI,567.0,Fiji,65,Fiji,FJI,929766,920422,917200,905169,832509,780430,644582,527634,18272,50.8847,fji,Suva,Oceania,0.2236770763227369,1.0954373784256344,0.6479670711045715,1.2362968288019527,4.51
557,fi,111,2015,MF,15,64,0.42,11.3,FIN,3473.0,Finland,66,Finland,FIN,5540745,5529468,5479461,5363271,5176209,4986545,4779418,4606621,338424,16.3722,fin,Helsinki,Europe,0.2716593112382259,0.35569716741854496,0.3802799255699929,0.3863268189966407,5.31
574,fr,112,2015,MF,15,64,1.44,10.349,FRA,40455.0,France,67,France,FRA,64626628,64480053,63809769,62444567,58665453,56412897,53713830,50523586,551695,117.1419,fra,Paris,Europe,0.2866374285106055,0.47455756548511197,0.5619415285634588,0.5201615470958876,4.89
600,ga,15,2015,MF,15,64,8.6,9.379,GAB,1169.0,Gabon,68,Gabon,GAB,2388992,2292573,2028517,1711105,1272935,983028,749078,597192,267668,8.9252,gab,Libreville,Africa,2.8201349627943184,2.7019902656860717,3.155287766019277,2.754638835635559,7.37
459,de,190,2015,MF,15,64,2.35,12.282,DEU,53624.0,Germany,71,Germany,DEU,83369843,83328988,82073226,81325090,81551677,79370196,77786703,78294583,357114,233.4544,deu,Berlin,Europe,0.2071481744952086,0.1208580346791388,0.042508738072855046,0.1047958298400431,5.18
626,gh,17,2015,MF,15,64,21.03,8.126,GHA,16377.0,Ghana,72,Ghana,GHA,33475870,32180401,28870939,25574719,19665502,15446982,11865246,8861895,238533,140.3406,gha,Accra,Africa,2.2688604657792544,2.5888358046686655,2.5928413955185414,2.659357104963589,4.77
654,gr,114,2015,MF,15,64,0.8,11.145,GRC,6887.0,Greece,74,Greece,GRC,10384971,10512232,10806641,11033783,11038109,10302255,9307148,8544873,131990,78.68,grc,Athens,Europe,-0.5037442924359481,0.3757584602455344,-0.14118615434781656,0.523207080702881,4.31
663,gt,56,2015,MF,15,64,18.32,5.809,GTM,9632.0,Guatemala,77,Guatemala,GTM,17843908,17362718,16001107,14543121,11735894,9084780,6987767,5453208,108889,163.8725,gtm,Guatemala City,North America,1.7191439310758172,2.3059114969865346,2.0882102465796804,2.4209603533823287,4.03
672,gy,73,2015,MF,15,64,3.65,8.909,GUY,498.0,Guyana,81,Guyana,GUY,808726,797202,755031,747932,759051,747116,778176,705261,214969,3.7621,guy,Georgetown,South America,0.653359350679894,0.26360109311287516,-0.03539480659568994,0.15165011921016713,3.15
727,ht,57,2015,MF,15,64,18.19,5.318,HTI,6523.0,Haiti,82,Haiti,HTI,11584996,11306801,10563757,9842880,8360225,6925331,5646676,4680812,27750,417.4773,hti,Port-au-Prince,North America,1.3672834941464984,1.7580425205400818,1.5718499549997489,1.8252519669068157,4.1
687,hn,58,2015,MF,15,64,9.92,7.037,HND,5644.0,Honduras,83,Honduras,HND,10432860,10121763,9294505,8450933,6656725,5053234,3777990,2782753,112492,92.7431,hnd,Tegucigalpa,North America,1.7711995392965196,2.57395254354964,2.250249554580508,2.716195348931749,4.65
730,hu,115,2015,MF,15,64,0.38,12.0,HUN,6657.0,Hungary,85,Hungary,HUN,9967308,9750573,9844246,9986825,10202055,10375989,10698679,10315366,93028,107.1431,hun,Budapest,Europe,-0.0163002283973257,-0.06598608636296799,-0.2377306289412573,-0.10382940691531228,3.73
839,is,116,2015,MF,15,64,2.26,9.931,ISL,218.0,Iceland,86,Iceland,ISL,372899,366669,331060,318333,281462,255019,228263,204468,103000,3.6204,isl,Reykjavík,Europe,1.3271427296813745,1.1622719607651932,1.087889483984661,1.076616796428942,2.74
784,in,85,2015,MF,15,64,25.3,7.352,IND,863971.0,India,87,India,IND,1417173173,1396387127,1322866505,1240613620,1059633675,870452165,696828385,557501301,3287590,431.0675,ind,New Delhi,Asia,1.114987262629663,1.8103349152284398,1.4901788656636716,1.9387576245553317,5.7
743,id,86,2015,MF,15,64,4.01,8.649,IDN,173544.0,Indonesia,88,Indonesia,IDN,275501339,271857970,259091970,244016173,214072421,182159874,148177096,115228394,1904569,144.6529,idn,Jakarta,Asia,1.0164476127561883,1.6904293221459588,1.280588340039035,1.8169015281797485,5.67
824,ir,87,2015,MF,15,64,10.73,9.363,IRN,55190.0,Iran,89,Iran,IRN,88550570,87290193,81790841,75373855,65544383,55793629,38520664,28449705,1648195,53.7258,irn,Tehran,Asia,1.3516646376867891,2.2075442837840242,1.4872021000660984,2.3744800485761663,7.19
811,iq,88,2015,MF,15,64,13.75,7.834,IRQ,20485.0,Iraq,90,Iraq,IRQ,44496122,42556984,37757813,31264875,24628858,17658381,13653369,9811347,438317,101.5158,irq,Baghdad,Asia,2.9845610235694764,2.9501061118685445,2.8894479646383253,3.040078794924539,6.3
767,ie,117,2015,MF,15,64,0.37,12.436,IRL,3038.0,Ireland,91,Ireland,IRL,5023109,4946119,4665760,4524585,3768950,3485374,3391387,2937637,70273,71.4799,irl,Dublin,Europe,0.8748311795118147,1.0369617752417515,1.4332018391498336,1.033403599428362,4.38
771,il,89,2015,MF,15,64,1.94,12.689,ISR,4860.0,Israel,93,Israel,ISR,9038309,8757489,8007778,7328445,6116958,4803254,3744608,2907307,20770,435.1617,isr,Jerusalem,Asia,1.762932295903541,2.2052031021911,1.8118748705377996,2.27706278019304,3.8
852,it,118,2015,MF,15,64,1.0,11.027,ITA,38972.0,Italy,94,Italy,ITA,59037474,59500579,60232906,59822450,56966397,56756561,56329482,53324036,301336,195.9191,ita,Rome,Europe,-0.110011224410389,0.19593248282161468,0.3724066942154325,0.27110377434722555,5.16
867,jm,59,2015,MF,15,64,5.37,10.552,JAM,1933.0,Jamaica,96,Jamaica,JAM,2827377,2820436,2794445,2733896,2612205,2392030,2135546,1859091,10991,257.2447,jam,Kingston,North America,0.2805739461664291,0.8095317620990583,0.45060435367834106,0.9097709512681851,5.6
883,jp,90,2015,MF,15,64,0.13,12.826,JPN,78059.0,Japan,97,Japan,JPN,123951692,125244761,127250933,128105431,126803861,123686321,117624196,105416839,377930,327.9753,jpn,Tokyo,Asia,-0.2743038934364228,0.3119654542722783,0.023466061922783332,0.4191841319672429,4.58
868,jo,91,2015,MF,15,64,3.84,10.153,JOR,5585.0,Jordan,99,Jordan,JOR,11285869,10928721,9494246,6931258,5056174,3480587,2216903,1557374,89342,126.3221,jor,Amman,Asia,4.14623595894037,3.8822132683080657,4.289975303507854,4.098853351494158,6.52
977,kz,312,2015,MF,15,64,0.1,11.367,KAZ,11693.0,Kazakhstan,100,Kazakhstan,KAZ,19397998,18979243,17835909,16627837,15236253,16866563,14172710,12265305,2724900,7.1188,kaz,Nursultan,Asia,1.2923769812485777,0.8854263748101054,1.0557752594426262,0.8355586669611448,6.16
909,ke,21,2015,MF,15,64,9.99,6.908,KEN,27030.0,Kenya,101,Kenya,KEN,54027487,51985780,46851488,41517895,30851606,23162269,16187124,11473087,580367,93.0919,ken,Nairobi,Africa,2.218998148720841,3.0246262565971183,2.824445019669719,3.1760115854732485,4.63
964,kw,93,2015,MF,15,64,3.97,6.993,KWT,2941.0,Kuwait,103,Kuwait,KWT,4268873,4360444,3908743,2943356,1934901,1674938,1493870,802786,17818,239.5821,kwt,Kuwait City,Asia,3.146826369937994,3.265684419004633,4.7993424733750345,3.580114087139008,3.64
922,kg,313,2015,MF,15,64,0.21,11.038,KGZ,3825.0,Kyrgyzstan,104,Kyrgyzstan,KGZ,6630623,6424874,5914980,5483774,4935182,4394734,3691209,3016384,199951,33.1612,kgz,Bishkek,Asia,1.59513200909156,1.5262219177825775,1.214641336313349,1.507763447643251,5.02
991,la,314,2015,MF,15,64,17.66,6.699,LAO,4216.0,Laos,105,Laos,LAO,7529475,7319399,6787419,6323418,5430853,4314443,3297519,2675283,236800,31.7968,lao,Vientiane,Asia,1.465344374687616,2.009873940026652,1.4976002451460246,2.090474104032314,4.56
1065,lv,324,2015,MF,15,64,0.23,11.736,LVA,1306.0,Latvia,106,Latvia,LVA,1850651,1897052,1991955,2101530,2392530,2689391,2572037,2397414,64559,28.666,lva,Riga,Europe,-1.05380962140581,-0.49655764711585837,-1.2141346103998751,-0.41087378971579325,5.96
1035,ls,22,2015,MF,15,64,7.42,6.611,LSO,1273.0,Lesotho,108,Lesotho,LSO,2305825,2254100,2118521,2022747,1998630,1798997,1407672,1023481,30355,75.962,lso,Maseru,Africa,1.0974957919895445,1.5742414362992951,0.3891302056603152,1.6298249464123948,2.89
1009,lr,23,2015,MF,15,64,39.79,4.703,LBR,2446.0,Liberia,109,Liberia,LBR,5302681,5087584,4612329,4019956,2895224,2209731,1932169,1463563,111369,47.6136,lbr,Monrovia,Africa,2.3346833683155266,2.506549985496198,3.153160906581043,2.5836091538898653,3.55
1079,ly,140,2015,MF,15,64,15.68,9.292,LBY,4294.0,Libya,110,Libya,LBY,6812341,6653942,6192235,6491988,5154790,4236983,2962720,1909177,1759540,3.8717,lby,Tripoli,Africa,0.4021984812903501,2.4764428979677344,1.2299673630103092,2.6492033071498167,7.64
1049,lt,325,2015,MF,15,64,0.05,11.756,LTU,1957.0,Lithuania,112,Lithuania,LTU,2750055,2820267,2963765,3139019,3599637,3785847,3521206,3210147,65300,42.1142,ltu,Vilnius,Europe,-1.096357536032233,-0.29704989078120914,-1.2874576854861375,-0.1773011043266215,5.39
1063,lu,119,2015,MF,15,64,0.65,11.956,LUX,395.0,Luxembourg,113,Luxembourg,LUX,647599,630399,569408,507070,435628,381267,363741,339342,2586,250.425,lux,Luxembourg,Europe,2.059441569559461,1.2505689279244336,1.8014237477629536,1.1568374834913575,4.68
1227,mw,25,2015,MF,15,64,11.81,5.359,MWI,8754.0,Malawi,116,Malawi,MWI,20405317,19377061,16938942,14718422,11229387,9539665,6267369,4625141,118484,172.22,mwi,Lilongwe,Africa,2.759860954122217,2.895529667672303,2.77843855465032,2.9266953019446262,3.73
1251,my,94,2015,MF,15,64,2.72,11.367,MYS,20866.0,Malaysia,117,Malaysia,MYS,33938221,33199993,31068833,28717731,22945150,17517054,13215707,10306508,330803,102.5934,mys,Kuala Lumpur,Asia,1.401624470548124,2.3183231372028823,2.04121066329086,2.4823761970762526,6.96
1211,mv,315,2015,MF,15,64,12.08,7.389,MDV,341.0,Maldives,118,Maldives,MDV,523787,514438,435582,361575,282507,224957,164887,123243,300,1745.9567,mdv,Malé,Asia,3.1366513783803285,2.8216266721544425,2.9285956710512373,2.845339164677374,3.3
1131,ml,26,2015,MF,15,64,64.23,2.783,MLI,8636.0,Mali,119,Mali,MLI,22593590,21224040,18112907,15529181,11239101,8945026,7372581,6153587,1240192,18.2178,mli,Bamako,Africa,3.1738707798071752,2.5327563861779145,3.232657048194132,2.4280976729606163,2.47
1187,mt,120,2015,MF,15,64,2.43,11.816,MLT,290.0,Malta,120,Malta,MLT,533286,515357,456579,418755,399212,365392,333587,315414,316,1687.6139,mlt,Valletta,Europe,2.03519874685123,1.0150629416371126,0.8991458262205931,0.8253332038505423,5.75
1162,mr,27,2015,MF,15,64,23.32,5.205,MRT,2282.0,Mauritania,122,Mauritania,MRT,4736139,4498604,3946220,3419461,2695003,2006027,1506694,1122198,1030700,4.5951,mrt,Nouakchott,Africa,2.7516722856078646,2.807797871411677,2.574986706772986,2.8337842140912395,3.5
1197,mu,28,2015,MF,15,64,1.81,9.81,MUS,889.0,Mauritius,123,Mauritius,MUS,1299469,1297828,1293153,1283330,1215930,1090290,954865,830115,2040,636.9946,mus,Port Louis,Africa,0.1041997274024986,0.8655450448015856,0.4113383912769164,0.9899219764156753,4.84
1241,mx,60,2015,MF,15,64,10.9,9.143,MEX,79987.0,Mexico,124,Mexico,MEX,127504125,125998302,120149897,112532401,97873442,81720428,67705186,50289306,1964375,64.9082,mex,Mexico City,North America,1.0463322345985349,1.8052477768921271,1.3764866569396572,1.9542902784311478,5.66
1119,md,326,2015,MF,15,64,0.47,11.167,ROM,3019.0,Moldova,126,Moldova,MDA,3272996,3084847,3277388,3678186,4251573,4480199,4103240,3711140,33846,96.7026,mda,Chisinau,Europe,-0.9679014083547766,-0.24131094061830005,-1.7199848871275347,-0.2758241118394178,5.15
1161,mn,316,2015,MF,15,64,3.61,9.868,MNG,2016.0,Mongolia,128,Mongolia,MNG,3398366,3294335,2964749,2702520,2450979,2161433,1697780,1293880,1564110,2.1727,mng,Ulaanbaatar,Asia,1.927593210551226,1.8743676364085582,1.2767810477923636,1.8596283755918819,5.51
1103,ma,29,2015,MF,15,64,35.02,6.016,MAR,22840.0,Morocco,131,Morocco,MAR,37457971,36688772,34680458,32464865,28554415,24570814,19678444,15274351,446550,83.883,mar,Rabat,Africa,1.1993106034593248,1.7400511391102658,1.3041967038823765,1.8389290338012065,4.96
1272,mz,30,2015,MF,15,64,42.01,4.203,MOZ,13977.0,Mozambique,132,Mozambique,MOZ,32969517,31178239,26843246,23073723,17768505,13303459,11413587,8411676,801590,41.1302,moz,Maputo,Africa,3.01874206414372,2.6616571177492165,2.788755872090176,2.6121870941735903,3.14
1140,mm,82,2015,MF,15,64,10.88,5.427,MMR,35304.0,Myanmar,133,Myanmar,MMR,54179306,53423198,51483949,49390988,45538332,40099553,33465781,27284112,676578,80.0784,mmr,Nay Pyi Taw,Asia,0.7740726461519687,1.3279602400602775,0.8214599941851697,1.4210366019627108,3.91
1287,na,141,2015,MF,15,64,17.75,6.766,NAM,1374.0,Namibia,134,Namibia,NAM,2567012,2489098,2282704,2099271,1819141,1369011,975994,754467,825615,3.1092,nam,Windhoek,Africa,1.690398534161508,2.3827252614371686,1.5248171181985626,2.4907455286163005,2.66
1344,np,95,2015,MF,15,64,27.81,5.367,NPL,16507.0,Nepal,136,Nepal,NPL,30547580,29348627,27610325,27161567,24559500,19616530,15600442,12501285,147181,207.5511,npl,Kathmandu,Asia,0.9838286838324884,1.7330264548820251,0.7836616944298935,1.776389758201935,4.85
1325,nl,121,2015,MF,15,64,0.08,11.788,NLD,11066.0,Netherlands,137,Netherlands,NLD,17564014,17434557,17041107,16617116,15899135,14944548,14130387,13037686,41850,419.6897,nld,Amsterdam,Europe,0.4628922287826409,0.5747377451043922,0.46349602758817277,0.5968505356500842,3.31
1370,nz,133,2015,MF,15,64,0.1,10.998,NZL,3017.0,New Zealand,138,New Zealand,NZL,5185288,5061133,4590590,4346338,3855266,3397389,3147168,2824061,270467,19.1716,nzl,Wellington,Oceania,1.481633406382432,1.1754109596290307,1.170588721674748,1.0854770945469383,-0.17
1302,ni,61,2015,MF,15,64,12.49,7.673,NIC,3980.0,Nicaragua,139,Nicaragua,NIC,6948392,6755895,6298598,5855734,5123222,4227820,3303309,2444767,130373,53.2962,nic,Managua,North America,1.435953109616439,2.0290816471800532,1.38648058640225,2.1253307117949705,4.6
1301,ne,31,2015,MF,15,64,65.13,2.427,NER,9452.0,Niger,140,Niger,NER,26207977,24333639,20128124,16647543,11622665,8370647,6173177,4669708,1267000,20.6851,ner,Niamey,Africa,3.854091944541893,3.372878815700231,3.728915806936617,3.299995275573453,1.98
1343,no,122,2015,MF,15,64,1.24,12.706,NOR,3418.0,Norway,145,Norway,NOR,5434319,5379839,5190356,4889741,4491202,4241636,4085776,3875546,323802,16.7828,nor,Oslo,Europe,0.8838403129347361,0.6522093315209476,0.9692128470844219,0.6512575910737395,4.23
1429,pk,97,2015,MF,15,64,37.81,5.987,PAK,119164.0,Pakistan,147,Pakistan,PAK,235824862,227196741,210969298,194454498,154369924,115414069,80624057,59290872,881912,267.4018,pak,Islamabad,Asia,1.6204154994668318,2.6906263769921113,2.104238614096321,2.8607264333893045,4.35
1380,pa,62,2015,MF,15,64,4.28,10.085,PAN,2563.0,Panama,150,Panama,PAN,4408581,4294396,3957099,3623617,3001731,2449968,1956987,1516188,75417,58.4561,pan,Panama City,North America,1.6474242357676472,2.0738138081859203,1.8592192579822475,2.154689481717953,4.69
1406,pg,134,2015,MF,15,64,37.23,4.646,PNG,4862.0,Papua New Guinea,151,Papua New Guinea,PNG,10142619,9749640,8682174,7583269,5508297,3864972,3104788,2489059,462840,21.9139,png,Port Moresby,Oceania,2.452950698955947,2.7384428898526547,3.079920698657257,2.8152719926343606,3.27
1475,py,74,2015,MF,15,64,2.19,8.814,PRY,4260.0,Paraguay,152,Paraguay,PRY,6780744,6618695,6177950,5768613,5123819,4059195,3078912,2408787,406752,16.6705,pry,Asunción,South America,1.3562409635367478,2.0102532998212075,1.2550534582991268,2.115086813196121,4.5
1387,pe,75,2015,MF,15,64,4.07,9.987,PER,19681.0,Peru,153,Peru,PER,34049588,33304756,30711863,29229572,26654439,22109099,17492406,13562371,1285216,26.4933,per,Lima,South America,1.2800989780426208,1.7859898978539013,0.949097591691328,1.8329287144620343,5.51
1427,ph,98,2015,MF,15,64,1.64,9.007,PHL,64450.0,Philippines,154,Philippines,PHL,115559009,112190977,103031365,94636700,77958223,61558898,48419546,37435586,342353,337.5434,phl,Manila,Asia,1.678395664328547,2.191277951906323,1.876457449146507,2.275302745461638,4.18
1444,pl,123,2015,MF,15,64,0.36,11.771,POL,26404.0,Poland,155,Poland,POL,39857145,38428366,38553146,38597353,38504431,38064255,35521429,32482943,312679,127.4698,pol,Warsaw,Europe,0.2680083982702586,0.3942106776081644,0.008429551267319368,0.3814425009548872,4.14
1468,pt,124,2015,MF,15,64,2.28,9.499,PRT,6755.0,Portugal,156,Portugal,PRT,10270865,10298192,10365435,10588401,10300626,10007346,9785252,8683631,92090,111.5307,prt,Lisbon,Europe,-0.2534109577652543,0.3233514394705539,0.04182236365553038,0.3941903477687081,6.33
1484,qa,318,2015,MF,15,64,1.31,9.413,QAT,2195.0,Qatar,157,Qatar,QAT,2695122,2760385,2414573,1713504,645937,441675,277450,118007,11586,232.6189,qat,Doha,Asia,3.8463194793939337,6.200920717080138,9.188444362837767,6.937945191779282,5.52
1511,ro,153,2015,MF,15,64,0.84,11.388,ROU,13452.0,Romania,159,Romania,ROU,19659267,19442038,19906079,20335211,21919876,22836234,22125224,19922618,238391,82.4665,rou,Bucharest,Europe,-0.2813126166259727,-0.02558680106712341,-0.6403982712888112,-0.0018455535361172615,4.34
1535,ru,154,2015,MF,15,64,0.72,12.073,RUS,96090.0,Russia,160,Russia,RUS,144713314,145617329,144668389,143242599,146844839,148005704,138257420,130093010,17098242,8.4636,rus,Moscow,Europe,0.085160833958553,0.2050271713389895,-0.0994995425464551,0.23626643633458677,5.68
1552,rw,33,2015,MF,15,64,19.52,5.526,RWA,6449.0,Rwanda,161,Rwanda,RWA,13776698,13146362,11642959,10309031,8109989,7319962,5247532,3896367,26338,523.0731,rwa,Kigali,Africa,2.4457487775623843,2.458452910040032,2.4399930183371277,2.462399585659436,4.3
1555,sa,99,2015,MF,15,64,3.45,10.069,SAU,22570.0,Saudi Arabia,168,Saudi Arabia,SAU,36408820,35997107,32749848,29411929,21547390,16004763,10171710,6106191,2149690,16.9368,sau,Riyadh,Asia,1.7943307045735546,3.4932999635471695,2.8302695968130065,3.802963723421171,6.73
1663,sn,34,2015,MF,15,64,53.36,3.693,SEN,7795.0,Senegal,169,Senegal,SEN,17316449,16436119,14356181,12530121,9704287,7536001,5703869,4367744,196722,88.025,sen,Dakar,Africa,2.732683158183913,2.6842601030285795,2.645130894836911,2.67956943363461,1.39
1512,rs,329,2015,MF,15,64,0.97,11.659,SER,5937.0,Serbia,170,Serbia,SRB,7221365,7358005,7519496,7653748,7935022,7987529,7777010,7193533,88361,81.7257,srb,Belgrade,Europe,-0.4834233074267891,0.007426362756057792,-0.35793794979099847,0.09853003448803133,5.56
1638,sl,36,2015,MF,15,64,45.43,4.415,SLE,3951.0,Sierra Leone,172,Sierra Leone,SLE,8605718,8233969,7314773,6436698,4584067,4325388,3367477,2778557,71740,119.957,sle,Freetown,Africa,2.449615181249598,2.197833314593667,3.164432406760609,2.1743331805840205,3.55
1599,sg,100,2015,MF,15,64,0.83,12.766,SGP,4380.0,Singapore,173,Singapore,SGP,5975689,5909869,5650018,5163590,4053602,3022209,2400729,2061831,710,8416.4634,sgp,Singapore,Asia,1.2246661250735036,2.067437148269047,2.2383695767861367,2.265422521512983,7.31
1633,sk,170,2015,MF,15,64,0.64,12.04,SVK,3842.0,Slovakia,175,Slovakia,SVK,5643453,5456681,5424444,5396424,5376690,5261305,4973883,4522867,49037,115.0856,svk,Bratislava,Europe,0.3736931668739673,0.4265804045907373,0.05896712875153032,0.40474872834259656,2.24
1611,si,331,2015,MF,15,64,0.19,12.15,SVN,1395.0,Slovenia,176,Slovenia,SVN,2119844,2117641,2080862,2057286,1984339,1986024,1901570,1741286,20273,104.5649,svn,Ljubljana,Europe,0.2499356750137016,0.37902143867607485,0.31714430671825333,0.3966921045455152,4.04
1928,za,38,2015,MF,15,64,3.18,10.177,ZAF,36379.0,South Africa,179,South Africa,ZAF,59893885,58801927,55876504,51784921,46813266,39877570,29463549,22368306,1221037,49.0517,zaf,Pretoria,Africa,1.2196731360397672,1.9121467068882403,1.1868366422654875,2.0552778824813878,5.48
938,kr,92,2015,MF,15,64,1.08,12.835,KOR,37283.0,South Korea,180,South Korea,KOR,51815810,51844690,50994401,48813042,46788591,44120039,38170501,32601143,100210,517.0722,kor,Seoul,Asia,0.4987210256154339,0.8950354824451168,0.5754926411233319,0.999110317101648,6.25
544,es,125,2015,MF,15,64,2.84,10.924,ESP,31014.0,Spain,182,Spain,ESP,47558630,47363807,46431342,46572772,40741651,38889889,37491666,33792617,505992,93.9909,esp,Madrid,Europe,0.1747123375331449,0.6593196186831518,0.8753003460085784,0.7085704729316245,5.59
996,lk,101,2015,MF,15,64,2.05,11.127,LKA,13766.0,Sri Lanka,183,Sri Lanka,LKA,21832143,21715079,21336697,20668557,18776371,17204094,14943645,12388769,65610,332.7563,lka,Colombo,Asia,0.4574579375825394,1.0955596980648963,0.8558364278634656,1.2154115243943941,4.5
1580,sd,39,2015,MF,15,64,45.91,4.35,SDN,21419.0,Sudan,184,Sudan,SDN,46874204,44440486,38171178,33739933,26298773,21090886,16673586,11305206,1886068,24.8529,sdn,Khartoum,Africa,2.7777582603943696,2.7727526947152414,2.51482431614638,2.7409295576621195,3.57
1595,se,126,2015,MF,15,64,2.37,12.039,SWE,6160.0,Sweden,186,Sweden,SWE,10549347,10368969,9849349,9381729,8871043,8548406,8311763,8027702,450295,23.4276,swe,Stockholm,Europe,0.9822921926599282,0.526700778987732,0.6998575351190084,0.45549435047864684,3.39
333,ch,127,2015,MF,15,64,1.75,12.209,CHE,5576.0,Switzerland,187,Switzerland,CHE,8740472,8638613,8281732,7822435,7182059,6711693,6319113,6181227,41284,211.7157,che,Bern,Europe,0.9290247725516344,0.6684693439670264,0.9542980912693455,0.652196107242542,2.31
1680,sy,102,2015,MF,15,64,10.43,7.592,SYR,11329.0,Syria,188,Syria,SYR,22125249,20772595,19205178,22337563,16307654,12408996,8898954,6319199,185180,119.4797,syr,Damascus,Asia,-0.0795538040265331,2.439131366854097,1.0962678710505713,2.5009564524343997,5.39
1748,tj,319,2015,MF,15,64,0.6,10.759,TJK,5173.0,Tajikistan,190,Tajikistan,TJK,9952787,9543207,8524063,7621779,6272998,5417860,4045965,2993019,143100,69.5513,tjk,Dushanbe,Asia,2.248598317335615,2.337615370449142,2.0652961675820647,2.353058838561739,3.59
1808,tz,41,2015,MF,15,64,15.06,6.507,TZA,27173.0,Tanzania,191,Tanzania,TZA,65497748,61704518,52542823,45110527,34463704,26206012,19297659,13618192,945087,69.3034,tza,Dodoma,Africa,3.1562879071817207,3.066479219203666,2.8513737380694515,3.045961679426168,4.15
1725,th,104,2015,MF,15,64,4.27,8.756,THA,49078.0,Thailand,192,Thailand,THA,71697030,71475664,70294397,68270489,63066603,55228410,45737753,35791728,513120,139.7276,tha,Bangkok,Asia,0.4089316029001866,1.3449887553882878,0.725960649693369,1.5112507185814028,6.02
636,gm,16,2015,MF,15,64,51.51,4.882,GMB,1102.0,The Gambia,69,The Gambia,GMB,2705992,2573995,2253133,1937275,1437539,1040616,718586,528731,10689,253.1567,gmb,Banjul,Africa,2.824025646404227,3.189707046325263,3.0412565655800528,3.273773437463534,4.3
1720,tg,42,2015,MF,15,64,29.02,6.834,TGO,4031.0,Togo,194,Togo,TGO,8848699,8442580,7473229,6571855,5008035,3875947,2838110,2197383,56785,155.8281,tgo,Lomé,Africa,2.509934054008367,2.7150563834253294,2.7044817980410585,2.7574668370971223,5.92
1777,to,136,2015,MF,15,64,0.07,11.294,TON,59.0,Tonga,196,Tonga,TON,106858,105254,106122,107383,102603,98727,96708,86484,747,143.0495,ton,Nuku‘alofa,Oceania,-0.0408335982354457,0.4076390286836151,0.22506758841023267,0.4557687025914303,4.18
1803,tt,65,2015,MF,15,64,0.7,11.226,TTO,955.0,Trinidad and Tobago,197,Trinidad and Tobago,TTO,1531044,1518147,1460177,1410296,1332203,1266518,1127852,988890,5130,298.4491,tto,Port-of-Spain,North America,0.6869340104989075,0.8441624186504848,0.6133647471182613,0.8698275118035337,4.71
1762,tn,43,2015,MF,15,64,12.63,8.439,TUN,7665.0,Tunisia,198,Tunisia,TUN,12356117,12161723,11557779,10895063,9893316,8440023,6578156,5047404,163610,75.5218,tun,Tunis,Africa,1.0541970212951224,1.7365933620997032,1.0420542202427718,1.858129344636339,6.54
1790,tr,128,2015,MF,15,64,4.03,7.791,TUR,52247.0,Turkey,199,Turkey,TUR,85341241,84135428,79646178,73195345,64113547,54324142,44089069,35540990,783562,108.9145,tur,Ankara,Asia,1.287602400471699,1.6988286061138114,1.4567646596825634,1.8093005475659396,5.21
1834,ug,44,2015,MF,15,64,13.94,5.761,UGA,19162.0,Uganda,203,Uganda,UGA,47249585,44404611,37477356,32341728,24020697,17586630,13284026,10317212,241550,195.61,uga,Kampala,Africa,3.209474032445314,2.9694463851181796,3.009881904339995,2.9079757078970037,4.18
1833,ua,358,2015,MF,15,64,0.24,11.568,UKR,31027.0,Ukraine,204,Ukraine,UKR,39701739,43909666,44982564,45683020,48879755,51589817,49973920,47279086,603500,65.7858,ukr,Kiev,Europe,-1.1626194441711424,-0.33534616797961103,-0.552391042534861,-0.11059012233700649,4.67
12,ae,105,2015,MF,15,64,4.79,11.736,ARE,7864.0,United Arab Emirates,205,United Arab Emirates,ARE,9441129,9287289,8916899,8481771,3275333,1900151,1014048,298084,83600,112.9322,are,Abu Dhabi,Asia,0.8969680145779702,6.870866848555579,6.904805023944549,7.844307552318952,9.03
604,gb,129,2015,MF,15,64,0.12,12.851,GBR,42460.0,United Kingdom,206,United Kingdom,GBR,67508936,67059474,65224364,62760039,58850043,57210442,56326328,55650166,242900,277.9289,gbr,London,Europe,0.6096963362671737,0.3721810987330265,0.6879590789843348,0.3533963542198926,4.79
1859,us,66,2015,MF,15,64,0.3,13.275,USA,212207.0,United States,207,United States,USA,338289857,335942003,324607776,311182845,282398554,248083732,223140018,200328340,9372610,36.0935,usa,"Washington, D.C.",North America,0.6984480803902127,1.0126805074097023,0.9329802127326703,1.0783502667106148,2.18
1874,uy,77,2015,MF,15,64,0.32,8.943,URY,2197.0,Uruguay,208,Uruguay,URY,3422794,3429086,3402818,3352651,3292224,3117012,2953750,2790265,181034,18.9069,ury,Montevideo,South America,0.1726972872666987,0.3936971962678948,0.22051335803576766,0.44201253623534775,3.0
1876,ve,78,2015,MF,15,64,2.11,10.209,VEN,19630.0,Venezuela,211,Venezuela,VEN,28301696,28490453,30529716,28715022,24427729,19750579,15210443,11355475,916445,30.882,ven,Caracas,South America,-0.1207492750234906,1.7717074144827816,1.4976479034638723,2.2221079504678887,6.72
1901,vn,320,2015,MF,15,64,13.82,7.771,VNM,65162.0,Vietnam,212,Vietnam,VNM,98186856,96648685,92191398,87411012,79001142,66912613,52968270,41928849,331212,296.4472,vnm,Hanoi,Asia,0.9734667182987212,1.6498041955776088,1.0346796441910833,1.7662903340674996,3.64
1906,ye,106,2015,MF,15,64,46.03,4.74,YEM,14974.0,Yemen,214,Yemen,YEM,33696614,32284046,28516545,24743946,18628700,13375121,9204938,6843607,527968,63.8232,yem,Sanaa,Asia,2.606870527098515,3.1130147455795676,2.879210744553351,3.2223153890366563,4.67
1945,zm,46,2015,MF,15,64,9.93,7.988,ZMB,8218.0,Zambia,215,Zambia,ZMB,20017675,18927715,16248230,13792086,9891136,7686401,5720438,4281671,752612,26.5976,zmb,Lusaka,Africa,3.153026134673187,3.0103293633656714,3.364321685893912,3.0079988898766397,4.86
1956,zw,47,2015,MF,15,64,3.52,8.125,ZWE,7543.0,Zimbabwe,216,Zimbabwe,ZWE,16320537,15669666,14154937,12839771,11834676,10113893,7049926,5202918,390757,41.7665,zwe,Harare,Africa,2.0190865179815054,2.222814880832824,1.200681676626525,2.249014868525645,4.91
